id,green1,green2,green3,green4,green5,comp1,comp2,comp3,comp4,comp5,comp6,comp7,comp8,comp9,comp10,intel1,intel2,intel3,intel4,intel5,intel6,intel7,intel8,intel9,intel10,open1,open2,open3,open4,open5,open6,open7,open8,open9,open10,student
9099,4,2,5,4,3,2,5,4,4,2,2,2,2,2,2,4,2,2,2,2,2,3,1,2,4,5,4,2,4,3,4,2,4,1,4,2
6275,3,5,3,3,1,4,5,4,5,5,1,1,1,1,1,4,4,3,4,4,4,3,3,3,3,4,4,3,5,3,4,4,5,4,3,2
8116,4,2,5,4,3,4,5,5,4,5,1,2,2,2,2,4,4,4,3,4,3,3,3,2,2,5,4,3,5,5,2,2,2,2,3,2
8586,4,3,5,4,3,4,5,5,4,5,1,1,2,1,2,2,2,4,4,4,3,4,1,4,4,5,3,4,4,4,2,2,2,1,2,2
0406,3,2,4,4,4,4,4,4,4,4,2,2,2,2,2,2,4,4,4,4,4,2,1,2,4,5,4,2,4,4,4,4,2,2,2,2
5645,4,3,4,4,3,5,5,5,4,4,2,4,1,2,2,4,4,3,4,5,2,2,2,2,2,4,4,2,5,4,4,2,2,3,2,2
3788,1,1,1,1,1,3,3,3,3,3,3,3,3,3,3,3,3,3,3,3,3,3,3,3,3,3,3,3,3,3,3,3,3,3,3,2
8424,4,3,2,2,2,1,1,1,2,2,4,4,4,3,3,4,4,4,4,5,4,2,2,1,1,1,2,2,4,1,1,5,4,3,5,2
8450,4,2,3,5,2,4,4,4,4,4,1,2,1,2,2,4,4,4,4,3,3,1,1,2,2,5,4,4,5,5,-99,3,2,1,2,1
0512,4,2,5,5,4,5,2,5,4,2,2,2,2,2,2,4,4,4,2,4,4,2,3,2,2,5,5,2,4,5,1,2,2,2,2,2
3972,,,,,,,,,,,,,,,,,,,,,,,,,,,,,,,,,,,,
6218,3,2,4,3,3,4,5,5,4,4,2,2,2,2,2,4,4,3,2,4,4,2,1,4,2,4,4,4,4,4,4,2,2,3,2,2
5055,3,3,3,3,4,3,3,4,2,3,3,3,3,3,2,3,3,3,4,4,4,2,1,2,3,4,4,5,4,2,3,2,2,2,2,2
6912,4,3,3,3,3,4,4,5,4,5,2,2,2,2,1,3,2,2,4,4,3,3,2,2,2,4,3,3,3,4,2,3,2,2,4,2
8437,3,2,4,3,3,,,,,,,,,,,,,,,,,,,,,,,,,,,,,,,
5500,4,2,5,5,4,5,5,5,5,5,1,2,2,1,1,5,4,2,2,5,5,1,4,4,4,5,5,4,5,5,5,5,1,1,1,2
5549,3,4,4,4,3,4,2,4,4,4,4,2,4,4,4,4,4,2,2,4,4,4,4,4,2,4,2,4,2,4,2,5,4,2,2,2
1112,4,2,5,4,4,4,4,5,4,4,3,4,3,1,1,3,3,4,3,5,4,3,5,2,3,5,3,5,3,5,2,5,1,2,2,1
4872,3,3,3,2,1,4,4,4,5,4,2,3,2,2,1,2,3,2,2,3,2,4,4,4,4,4,3,3,3,3,3,4,3,4,3,2
3082,,,,,,,,,,,,,,,,,,,,,,,,,,,,,,,,,,,,
8917,4,4,4,3,2,4,4,5,5,4,2,1,1,1,2,4,5,3,4,4,4,2,4,4,2,4,2,2,4,1,2,5,4,2,4,2
2535,3,3,5,4,4,3,5,5,4,4,2,1,2,2,2,4,5,4,4,4,4,1,1,2,2,5,4,3,4,4,3,3,2,3,4,2
9587,5,4,4,2,2,5,5,5,5,5,1,1,1,1,1,2,3,4,4,2,2,1,1,3,4,5,5,5,5,5,3,4,2,2,1,2
3699,4,2,5,3,4,4,5,5,4,4,2,2,2,2,2,2,2,2,1,2,2,2,1,4,4,5,4,4,2,5,4,2,4,4,5,2
6037,4,2,4,4,4,4,4,4,4,4,2,2,2,2,2,4,4,4,4,4,3,2,4,2,2,4,4,4,4,4,4,3,2,2,2,1
7518,4,2,3,4,3,4,4,5,4,4,2,3,2,2,2,4,4,4,4,4,4,2,3,2,2,4,4,4,5,4,4,2,3,3,3,1
8813,2,4,3,2,1,4,3,3,4,2,2,3,2,3,3,4,4,4,3,4,4,1,2,2,2,4,4,4,4,5,4,5,4,5,4,2
3688,,,,,,,,,,,,,,,,,,,,,,,,,,,,,,,,,,,,
4858,3,3,4,3,2,4,5,5,4,4,2,2,2,2,1,5,4,4,2,3,4,2,2,4,2,5,5,4,5,4,4,2,2,2,2,2
6551,2,4,4,4,1,4,5,5,4,4,2,2,3,2,2,2,4,2,3,2,4,4,4,2,4,4,4,2,4,4,4,2,4,4,5,1
4621,4,2,4,4,4,2,3,3,3,4,3,2,2,2,2,4,4,4,2,4,4,2,4,-99,-99,5,2,2,4,2,3,4,3,2,4,2
4635,3,4,5,3,1,5,4,5,4,5,2,2,2,2,2,4,4,4,4,4,4,2,1,2,2,5,4,3,4,5,4,2,2,2,2,2
9606,,,,,,,,,,,,,,,,,,,,,,,,,,,,,,,,,,,,
3915,3,5,4,3,2,4,4,4,4,4,2,2,2,2,2,4,4,4,4,4,4,2,1,2,2,5,4,4,5,4,4,4,2,2,1,2
9718,4,3,5,4,2,5,5,5,5,5,1,2,1,2,1,5,2,3,3,5,3,4,4,4,4,4,4,5,4,4,4,5,2,1,3,1
1130,4,2,5,4,2,4,4,4,3,4,2,2,2,2,2,4,3,4,5,4,4,2,1,2,3,4,4,5,5,4,4,2,2,2,2,1
7486,3,3,4,4,2,4,4,4,4,4,2,2,2,3,2,4,4,4,4,4,4,2,2,4,2,4,4,4,5,4,3,3,3,4,3,2
2555,5,2,3,3,4,5,4,5,4,3,2,2,2,2,2,4,4,3,3,4,4,3,4,3,2,4,5,4,4,3,4,2,2,2,3,2
6394,4,4,3,4,4,4,3,4,4,4,3,4,3,3,4,3,4,4,4,3,4,3,3,4,3,3,4,4,4,4,4,4,3,3,3,1
4138,3,4,3,3,2,5,5,5,5,5,1,1,2,1,1,4,4,4,3,4,4,2,3,3,2,4,5,3,4,4,5,2,2,3,2,2
0521,2,3,4,3,4,4,4,5,4,4,2,2,2,2,1,3,2,3,2,4,2,2,2,5,3,5,2,5,5,4,2,5,2,3,4,1
1304,5,4,4,2,3,3,2,4,3,2,3,4,2,2,3,5,2,2,2,5,3,3,2,2,1,3,3,2,3,3,5,4,4,4,2,1
8174,3,3,2,2,1,5,5,5,4,4,2,2,2,2,1,3,4,3,4,4,4,3,3,4,3,3,3,3,5,4,4,4,2,2,3,1
7625,3,3,2,2,1,,,5,,,,,,,,,,,,4,,,,,,,,,,,,,,2,,
5922,3,4,2,2,2,2,3,2,4,4,3,2,2,2,3,5,4,4,4,4,4,3,2,3,4,4,2,2,3,3,4,5,4,4,3,2
9726,4,2,4,2,1,4,5,5,5,5,1,1,1,2,1,3,4,4,5,2,4,2,2,4,4,5,5,4,4,4,3,4,2,1,2,2
2745,,,,,,,,,,,,,,,,,,,,,,,,,,,,,,,,,,,,
8312,4,3,3,3,3,4,3,3,3,3,4,3,2,3,2,4,2,3,3,2,2,4,2,4,2,3,4,4,4,3,4,4,2,2,2,2
7660,4,1,4,2,2,5,5,4,5,5,2,1,1,1,1,3,4,3,5,4,5,1,2,1,3,4,-99,5,2,4,4,3,4,2,1,2
2393,3,4,3,2,2,5,5,5,5,5,1,1,1,1,4,4,2,2,2,4,4,4,5,5,2,5,2,4,5,2,3,5,2,1,1,2
7369,4,3,4,4,2,4,5,4,4,4,2,2,,2,2,4,,4,4,4,4,4,4,,,4,2,4,4,4,2,4,2,2,,
7161,,,,,,,,,,,,,,,,,,,,,,,,,,,,,,,,,,,,
0645,3,2,4,3,2,4,5,5,5,5,2,2,1,2,1,4,4,4,2,3,4,2,3,2,1,5,4,4,5,4,4,2,3,4,2,2
2384,3,3,4,2,2,5,5,5,4,4,2,2,2,2,5,4,4,3,3,4,3,3,4,3,2,5,4,3,5,3,4,4,2,2,4,2
7597,4,2,4,3,2,4,2,3,4,4,4,4,4,2,4,2,2,2,2,4,4,2,4,4,2,4,3,3,3,5,5,2,5,2,3,1
4562,4,2,4,3,4,4,5,5,5,4,1,2,1,1,2,5,4,4,2,2,4,4,4,2,2,5,5,4,5,5,4,2,2,1,2,2
4421,2,3,2,3,3,4,4,3,3,2,3,4,4,3,3,3,4,3,3,4,4,3,4,2,3,3,4,4,4,3,2,3,3,3,4,1
0113,,,,,,,,,,,,,,,,,,,,,,,,,,,,,,,,,,,,
5689,4,2,4,3,4,3,3,4,4,4,4,2,2,1,4,5,4,4,4,4,4,2,1,2,2,4,5,4,4,4,4,3,4,3,2,2
8548,3,4,4,2,2,5,4,4,5,4,1,2,2,4,2,3,3,2,3,4,3,4,1,2,4,4,4,4,4,4,1,2,2,2,3,2
1912,4,3,4,3,3,4,4,4,4,4,1,2,1,1,1,3,3,3,3,4,4,2,3,3,3,4,4,2,4,4,4,2,2,2,2,2
5479,4,2,4,4,3,3,2,3,4,4,4,2,2,2,2,2,4,4,4,4,4,2,4,1,2,3,2,4,4,2,4,3,2,2,2,1
6692,5,4,3,2,2,4,2,4,4,5,2,3,2,2,1,4,2,4,2,4,4,3,2,4,4,4,4,2,4,2,4,5,3,2,5,1
9425,2,4,4,3,2,4,4,4,4,4,2,2,2,2,2,2,2,4,2,2,2,4,4,4,4,4,4,2,4,4,4,2,2,2,4,2
4176,5,2,4,4,4,5,5,5,5,5,1,1,1,1,1,5,4,2,4,4,5,2,2,2,1,5,5,5,5,4,5,2,2,3,1,2
3326,4,2,4,3,3,5,5,5,5,5,1,1,1,1,1,4,4,5,4,4,4,2,2,2,2,4,5,4,5,4,3,2,3,4,2,2
4827,,,,,,,,,,,,,,,,,,,,,,,,,,,,,,,,,,,,
0630,4,3,4,2,3,3,4,4,4,4,3,2,2,2,2,2,2,4,1,3,2,4,5,5,4,5,1,2,2,2,2,4,2,1,4,2
5025,4,2,3,2,2,4,4,4,4,4,2,2,2,2,2,4,4,4,4,4,4,2,4,2,2,4,2,4,4,4,2,4,4,2,2,1
2655,3,3,2,2,4,2,3,3,3,4,2,4,4,2,2,3,3,2,2,4,3,4,2,5,5,3,4,4,3,4,4,5,4,2,4,1
9261,3,3,2,3,3,3,4,4,4,4,3,3,4,4,4,4,4,4,3,-99,4,2,3,3,2,4,3,4,4,4,4,4,3,4,3,1
5186,,,,,,,,,,,,,,,,,,,,,,,,,,,,,,,,,,,,
9425,4,2,4,4,3,5,5,5,4,5,1,2,1,1,4,5,4,4,3,3,4,1,1,2,2,4,2,5,5,5,4,5,4,2,2,2
9237,3,3,4,2,2,5,5,5,5,5,1,1,1,1,1,4,4,2,4,4,3,2,2,2,3,5,4,5,5,4,5,2,2,2,2,2
5872,4,2,4,4,4,4,4,4,2,4,2,4,2,2,2,4,4,4,5,2,4,4,2,1,2,5,4,4,5,4,4,4,4,2,4,2
6523,3,3,3,3,3,5,5,5,5,5,1,1,1,1,1,4,4,4,4,4,4,2,2,2,2,4,5,4,5,4,5,2,2,2,2,2
0680,4,2,4,4,4,4,5,5,4,5,2,2,1,1,3,4,4,4,5,3,4,2,3,1,1,5,3,4,3,5,3,4,3,4,3,2
1523,3,4,2,3,2,4,3,5,4,4,2,2,2,2,2,4,4,2,4,4,4,4,5,5,2,4,4,3,4,4,5,4,4,4,4,2
0921,4,3,4,4,3,,,,,,,,,,,,,,,,,,,,,,,,,,,,,,,
8236,2,1,4,3,2,5,5,5,5,5,1,1,1,1,1,4,3,2,4,4,2,4,4,2,4,5,5,4,4,4,4,2,4,4,2,2
2615,3,4,3,3,2,4,4,4,5,4,2,1,3,4,1,5,5,3,3,5,5,3,2,1,2,3,5,2,5,5,2,1,5,3,4,2
2690,2,4,4,4,3,,,,,,,,,,,,,,,,,,,,,,,,,,,,,,,
7438,4,4,3,3,5,4,4,4,4,4,3,3,3,3,2,3,4,4,4,3,3,2,2,3,4,4,4,4,4,4,4,3,4,4,4,2
7789,3,3,4,3,3,,,,,,,,,,,,,,,,,,,,,,,,,,,,,,,
7952,5,3,4,4,3,4,4,5,4,4,2,2,3,2,2,5,5,5,4,5,5,1,1,2,1,5,3,5,4,5,4,3,2,3,2,1
0104,2,4,4,2,2,4,4,4,4,4,2,2,2,2,2,4,4,5,4,3,4,2,2,1,2,5,5,4,5,4,2,1,2,2,1,2
4973,,,,,,,,,,,,,,,,,,,,,,,,,,,,,,,,,,,,
7720,,,,,,,,,,,,,,,,,,,,,,,,,,,,,,,,,,,,
5187,,,,,,,,,,,,,,,,,,,,,,,,,,,,,,,,,,,,
3474,3,4,4,3,3,4,4,5,4,5,2,1,2,2,2,4,5,4,3,4,4,1,3,2,2,5,2,5,5,4,3,5,2,1,5,1
9559,,,,,,,,,,,,,,,,,,,,,,,,,,,,,,,,,,,,
2216,,,,,,,,,,,,,,,,,,,,,,,,,,,,,,,,,,,,
5835,3,3,3,3,4,,,,,,,,,,,,,,,,,,,,,,,,,,,,,,,
0045,2,4,5,4,4,4,4,5,4,4,4,2,,,,4,,4,3,4,,2,3,,,5,5,,4,4,4,5,2,1,,
7779,,,,,,,,,,,,,,,,,,,,,,,,,,,,,,,,,,,,
4340,,,,,,,,,,,,,,,,,,,,,,,,,,,,,,,,,,,,
9489,3,4,4,3,4,4,4,4,4,4,3,3,2,2,2,4,4,4,3,4,4,2,2,4,2,5,5,3,4,4,4,4,2,2,2,
6306,2,4,2,2,2,4,4,4,4,4,2,2,2,2,1,2,2,3,2,2,2,4,4,4,4,4,2,2,2,2,2,5,2,3,4,2
6626,4,2,3,3,4,4,4,4,4,4,2,2,2,2,2,4,3,4,3,4,4,2,3,3,2,4,5,4,4,4,5,2,2,1,2,2
8425,4,2,4,4,2,4,4,2,4,4,4,3,4,4,2,5,4,4,4,3,4,3,2,2,4,4,3,5,2,4,4,2,2,2,4,1
2873,3,3,4,3,3,3,4,4,4,3,2,3,3,3,3,4,3,3,3,3,3,3,3,3,3,4,5,3,5,3,4,2,2,1,3,2
8879,4,4,4,4,4,5,5,5,5,5,1,1,1,1,1,4,5,5,4,5,4,1,2,2,2,5,5,5,5,5,5,1,2,1,2,2
4914,4,2,4,4,3,4,4,4,4,4,3,2,2,2,1,4,3,2,4,2,4,2,2,3,4,4,4,4,4,4,4,2,2,1,2,1
1719,3,3,2,1,2,5,4,5,5,5,1,3,2,1,2,4,5,4,3,4,3,4,4,3,3,3,4,4,4,5,4,3,3,3,3,2
3680,2,4,5,2,4,2,4,4,4,4,4,2,2,2,2,4,5,4,4,4,5,2,2,2,2,4,2,5,5,2,4,2,2,2,1,2
7487,4,4,4,3,2,4,5,4,5,4,2,3,2,2,2,5,5,5,5,5,5,2,2,2,1,5,5,4,5,4,5,3,1,3,2,1
6592,3,4,5,4,3,4,4,4,4,4,2,2,2,2,2,4,4,4,2,4,2,2,2,5,2,5,2,4,2,4,2,5,2,4,4,1
0708,4,4,4,3,3,3,5,4,4,4,4,2,2,2,2,4,4,4,4,4,4,2,2,4,1,4,4,4,3,4,4,3,2,2,2,2
7826,4,4,5,3,2,4,4,4,4,4,2,2,2,2,2,4,4,4,3,3,4,2,4,2,2,5,5,3,5,4,4,2,4,2,2,2
7597,,,,,,,,,,,,,,,,,,,,,,,,,,,,,,,,,,,,
6612,3,3,3,3,3,4,4,4,4,4,4,4,2,2,2,4,2,4,4,4,2,4,4,2,2,4,4,2,4,4,4,4,4,4,2,2
4204,4,2,4,4,4,3,4,4,4,4,2,3,2,2,2,4,4,4,4,4,4,2,2,2,2,4,4,4,4,4,2,2,2,2,4,1
4820,3,4,4,3,2,5,5,5,5,5,2,2,2,1,2,5,4,4,4,4,4,2,2,2,2,4,4,5,4,4,4,2,4,4,2,2
7052,3,3,4,3,3,4,4,4,4,4,2,2,2,2,2,4,2,4,2,3,3,2,2,4,2,4,3,4,3,4,4,3,2,2,4,2
4016,3,4,3,4,3,4,4,3,4,4,3,2,3,3,3,4,4,3,3,4,4,3,4,3,3,3,4,3,3,3,3,5,3,1,3,1
7234,3,3,3,3,3,3,3,3,3,3,3,3,3,3,3,3,3,3,3,3,3,3,3,3,3,3,3,3,3,3,3,3,3,3,3,2
2418,4,3,5,4,3,5,4,5,5,4,2,2,2,2,1,4,4,3,5,4,4,3,3,2,2,4,4,5,5,3,4,3,4,4,2,2
0957,3,3,4,3,2,5,5,5,5,4,4,2,1,1,2,5,4,5,4,4,4,3,2,2,2,5,2,4,4,4,5,4,3,4,2,1
9304,2,3,3,4,3,4,2,4,2,2,4,4,4,3,3,4,2,2,3,4,4,3,3,3,3,3,3,3,2,2,4,3,3,3,4,1
2627,3,3,4,4,2,4,4,5,4,3,3,2,2,3,2,4,4,4,4,4,4,3,4,3,2,5,4,4,4,4,3,4,2,2,4,1
3441,3,3,4,4,2,,,,,,,,,,,,,,,,,,,,,,,,,,,,,,,
8981,3,4,4,2,1,,,,,,,,,,,,,,,,,,,,,,,,,,,,,,,
8633,3,2,4,3,3,4,4,4,4,4,2,2,2,2,2,4,4,2,3,2,3,3,4,3,2,4,4,3,4,3,3,4,3,2,4,1
7788,4,3,5,4,4,4,5,5,5,4,1,1,2,2,1,4,4,2,2,4,2,2,2,2,2,5,5,4,3,5,4,2,4,4,2,2
3789,4,2,5,4,3,,,,,,,,,,,,,,,,,,,,,,,,,,,,,,,
8315,3,3,2,4,4,3,4,4,3,3,3,3,3,3,3,4,3,3,3,4,3,3,3,3,3,3,3,3,3,3,3,3,3,4,3,2
2593,4,3,4,2,2,4,4,4,4,4,2,2,2,2,2,4,4,4,3,4,4,2,2,4,2,4,2,4,4,3,2,4,2,2,4,1
2326,4,2,5,4,4,4,4,4,4,4,2,2,2,2,1,5,4,4,4,4,4,2,2,2,2,5,4,3,3,4,3,2,2,2,3,1
7290,4,2,4,4,4,4,4,4,2,4,2,2,2,2,3,-99,2,2,4,4,4,3,2,2,2,4,5,4,4,3,4,2,2,2,2,1
2826,3,3,2,3,3,3,3,3,3,3,3,3,3,3,2,4,3,3,3,3,3,3,3,3,3,3,3,4,4,4,3,4,3,3,3,2
2963,4,2,3,3,3,2,3,3,3,2,3,2,3,3,3,4,3,4,3,3,3,4,2,3,3,3,4,2,3,2,2,3,2,3,3,1
6395,4,2,4,3,3,4,4,4,4,-99,3,3,2,2,2,3,3,3,2,3,3,3,-99,3,3,4,4,3,3,4,3,2,3,4,2,2
3965,2,4,5,3,4,4,4,4,4,4,2,3,2,2,2,4,4,4,3,4,4,2,2,4,2,5,5,4,4,5,5,5,2,1,1,2
7669,4,2,5,5,3,5,5,5,5,5,1,1,1,1,1,1,1,3,4,4,1,1,1,5,4,5,5,2,5,5,5,1,1,1,1,1
3195,3,2,4,4,3,4,4,5,4,5,1,2,2,2,2,4,4,4,2,4,3,4,4,4,3,4,4,2,3,4,3,4,2,4,2,2
0219,3,3,4,4,4,3,3,4,3,3,3,3,3,3,3,3,3,3,3,4,3,3,3,3,3,3,3,3,3,3,3,3,3,4,3,2
3545,4,3,5,4,3,,4,5,,,,,,,,3,,,,3,,,2,,,,,,,,,,,2,,
4178,,,,,,,,,,,,,,,,,,,,,,,,,,,,,,,,,,,,
2672,3,4,4,4,2,5,4,5,5,4,2,2,2,2,1,3,4,4,4,4,4,2,4,2,2,4,4,4,4,4,3,4,2,2,2,2
2790,4,2,4,4,4,4,5,5,5,4,2,3,2,2,2,4,4,4,4,4,4,2,2,2,2,5,4,4,4,5,4,3,3,3,2,2
0748,4,2,4,4,4,4,4,3,4,4,3,3,3,3,2,4,3,3,2,3,3,3,2,4,3,5,3,3,5,-99,3,2,3,3,3,1
3889,3,4,4,4,4,3,4,4,4,4,3,2,3,2,3,4,4,4,3,4,4,2,2,3,3,5,4,3,4,4,4,4,2,2,4,1
9895,4,3,4,3,3,4,2,4,4,4,2,3,3,2,2,3,4,2,2,3,3,3,4,4,2,4,4,4,3,4,4,4,4,4,2,2
6931,4,1,5,5,4,4,4,5,4,4,1,1,2,1,2,4,4,5,4,4,4,2,2,2,2,5,3,3,4,4,4,4,4,3,4,1
3979,,,,,,,,,,,,,,,,,,,,,,,,,,,,,,,,,,,,
2784,3,2,5,3,3,4,4,4,4,4,2,2,2,2,1,4,4,2,4,4,5,2,2,2,2,5,5,4,4,5,4,1,2,2,2,2
3672,4,4,5,2,4,,4,4,,,2,,,,,2,,,,4,,,2,,,5,2,,,,5,,4,2,,
1869,3,4,5,3,2,5,4,5,4,4,2,1,1,2,1,4,5,4,5,5,5,2,2,2,2,5,2,4,3,5,2,4,2,2,2,1
4200,2,4,2,3,2,2,4,2,4,4,2,2,2,2,2,3,2,2,2,2,3,3,2,4,4,4,3,3,4,4,4,2,4,3,4,2
0445,4,3,5,4,4,4,4,4,4,4,2,2,4,2,2,3,4,2,2,2,4,4,4,4,5,5,4,4,4,5,4,3,2,2,2,2
9580,,,,,,,,,,,,,,,,,,,,,,,,,,,,,,,,,,,,
2666,,,,,,,,,,,,,,,,,,,,,,,,,,,,,,,,,,,,
2603,4,2,5,5,4,,,,,,,,,,,,,,,,,,,,,,,,,,,,,,,
4392,3,4,3,2,3,4,3,4,4,4,3,2,1,1,1,2,4,3,2,3,4,4,4,3,3,3,3,4,3,3,3,3,3,4,2,1
8242,4,4,2,2,2,4,3,4,4,4,3,2,4,2,2,4,4,3,2,4,4,3,2,4,2,3,3,4,5,4,4,4,4,2,4,2
7861,3,3,3,3,3,,5,5,,,,,,,,3,,,,5,,,2,,,,,,,,,,,2,,
5957,,,,,,,,,,,,,,,,,,,,,,,,,,,,,,,,,,,,
6727,4,3,3,3,3,,4,4,,,2,,,,,3,,,,3,,,2,,,4,4,,,,,,,2,,
1553,4,3,5,4,3,4,4,4,3,5,2,2,2,2,2,2,3,4,4,4,4,4,2,4,4,5,2,5,2,5,5,4,4,4,4,2
2478,4,3,4,3,4,3,3,4,3,3,3,4,4,3,3,4,4,4,3,4,3,4,2,4,3,3,3,3,3,3,4,4,3,2,2,2
8962,4,2,4,3,2,4,5,4,5,5,2,2,4,2,2,4,5,4,1,5,2,2,4,4,2,4,1,5,4,2,3,4,3,4,4,1
3091,4,2,5,4,4,5,4,5,4,4,1,1,1,1,1,4,5,4,4,5,4,1,1,2,1,5,4,4,5,3,4,2,2,2,3,2
0256,5,2,5,4,5,2,4,4,4,,2,2,,,,3,,5,,3,,2,2,,,5,3,,2,,2,4,2,2,,
7303,4,2,4,4,3,4,4,4,4,4,2,2,2,2,2,5,4,5,5,5,4,1,1,1,2,4,4,5,4,4,4,2,1,1,2,1
3807,5,1,5,5,5,4,4,4,5,5,2,4,2,1,1,3,4,5,3,3,3,2,2,3,2,5,4,3,3,4,2,4,2,2,3,1
0279,4,3,3,3,3,2,4,4,4,4,2,2,2,2,2,5,5,5,4,5,5,1,2,2,1,4,4,4,5,4,5,2,1,1,2,
6089,4,2,5,4,4,5,4,4,4,4,2,2,2,2,2,5,5,4,4,5,5,1,1,2,1,5,5,5,4,5,5,2,1,1,1,1
3442,3,1,1,2,2,4,4,3,4,4,2,2,2,4,2,4,4,2,2,3,4,3,4,2,4,3,4,4,4,4,4,2,2,3,4,2
1722,4,4,3,4,2,-99,4,4,-99,-99,3,-99,-99,-99,-99,4,-99,-99,-99,4,-99,-99,2,-99,-99,4,4,-99,-99,-99,4,-99,4,2,-99,1
2558,4,2,5,3,2,5,5,5,5,2,2,2,2,2,2,4,4,4,4,4,4,2,2,4,2,5,4,4,4,4,4,4,2,2,2,1
1899,5,4,5,4,4,4,4,4,4,4,2,2,2,2,2,4,2,3,4,4,4,4,2,4,3,4,4,4,5,4,2,3,2,2,4,1
2775,4,3,4,3,3,4,4,4,4,4,1,2,2,2,1,4,4,4,4,4,3,2,2,3,2,5,5,5,5,4,5,2,1,1,2,2
6641,3,3,4,3,3,3,4,5,4,4,2,3,2,2,2,4,4,4,4,4,4,2,2,3,3,4,4,4,5,4,3,2,2,4,3,1
4500,,,,,,,,,,,,,,,,,,,,,,,,,,,,,,,,,,,,
1957,,,,,,,,,,,,,,,,,,,,,,,,,,,,,,,,,,,,
7787,4,2,5,4,4,2,3,2,4,3,3,3,2,3,2,3,2,3,1,4,2,3,2,5,3,5,1,4,4,3,1,4,2,2,3,-99
1897,3,3,3,3,4,5,5,5,5,5,1,1,1,1,1,4,4,4,3,3,5,2,4,4,2,4,3,4,3,4,4,5,2,5,4,2
0370,4,3,4,3,3,4,5,5,5,5,1,1,2,1,2,5,5,5,4,3,4,2,1,2,1,4,2,5,4,2,2,4,4,5,4,2
4355,4,2,4,3,3,4,4,4,4,4,2,1,3,2,2,5,4,4,4,4,4,2,2,2,2,4,4,3,2,3,4,2,2,2,2,2
3853,3,4,3,3,2,4,5,4,4,4,3,2,2,3,2,3,4,3,3,4,3,2,4,2,3,4,4,3,4,4,3,4,2,3,3,2
4203,,,,,,,,,,,,,,,,,,,,,,,,,,,,,,,,,,,,
7642,3,4,4,3,3,4,4,4,4,4,2,2,3,3,3,4,3,4,4,4,3,2,1,3,3,4,4,3,4,4,2,3,2,2,3,1
6113,4,2,4,4,3,4,4,4,4,4,3,2,2,2,2,4,4,4,4,4,4,2,2,2,2,4,4,4,4,4,4,3,1,2,2,2
0075,3,2,4,3,3,4,4,4,4,4,2,2,2,2,2,4,4,4,4,4,4,2,2,2,2,4,4,3,4,4,4,2,2,2,2,2
9076,4,1,5,4,5,4,4,5,4,5,2,2,2,2,2,4,4,5,5,4,4,1,2,2,2,5,5,4,5,5,5,1,1,1,2,2
9814,4,2,5,4,4,4,4,4,4,4,2,3,2,2,2,3,2,2,3,3,2,4,2,4,3,5,4,3,3,4,4,3,3,3,4,2
1993,2,1,2,1,2,4,4,4,4,4,2,2,2,2,2,4,4,4,2,5,4,3,2,3,3,4,4,5,4,4,2,3,4,3,2,1
8500,3,3,3,3,3,4,4,4,4,4,2,2,2,2,2,2,4,2,2,2,4,3,4,4,4,4,3,4,3,3,4,4,4,2,4,1
3509,4,3,2,3,3,4,4,5,4,5,1,2,1,2,1,5,5,4,5,5,4,2,4,1,1,4,4,3,3,3,2,4,3,3,4,2
0783,4,1,4,4,3,4,4,4,5,4,2,1,2,2,2,4,4,1,3,4,4,1,2,1,2,4,4,3,5,4,2,4,2,1,2,2
4705,4,3,4,4,3,4,4,5,4,4,2,2,2,2,2,4,4,4,4,4,4,2,2,2,2,5,4,4,4,4,4,2,2,2,4,2
7830,3,4,3,3,2,4,4,4,4,4,2,4,2,4,3,2,4,2,4,2,3,3,3,3,3,5,3,3,4,4,3,3,3,2,4,2
0043,4,2,4,3,4,5,4,5,5,4,2,1,1,2,1,3,4,3,3,3,2,2,1,3,2,5,5,5,4,4,4,2,2,2,2,2
1798,2,3,5,3,2,4,4,4,4,4,2,2,2,2,3,3,3,4,4,4,3,2,2,2,2,5,4,4,2,4,4,2,2,2,4,1
3617,3,3,3,2,2,4,4,4,4,4,3,3,2,3,2,3,3,2,4,4,3,4,4,3,3,3,4,2,3,3,3,3,4,4,3,2
6609,3,2,3,2,2,4,4,4,3,4,3,2,2,2,2,3,3,2,4,3,3,4,3,3,3,3,4,2,3,3,4,3,4,4,3,
9707,,,,,,,,,,,,,,,,,,,,,,,,,,,,,,,,,,,,
3197,3,3,5,4,4,5,5,5,5,5,2,1,1,1,1,3,4,4,5,5,4,2,2,1,2,5,4,4,5,5,4,1,2,1,4,2
2071,4,1,3,3,3,3,4,4,4,4,3,2,1,2,2,3,5,4,3,3,4,1,2,1,3,5,4,2,4,4,4,2,1,1,4,1
8967,2,3,4,2,2,4,5,5,4,5,1,1,1,1,1,4,4,5,4,4,5,1,1,1,2,5,5,5,2,5,4,1,1,1,1,1
5877,2,5,2,4,1,,5,5,4,,2,,,,,3,,,,5,,,5,,,5,5,,5,,-99,2,1,1,,
3210,3,3,3,3,3,5,3,4,4,3,5,5,4,5,4,3,4,4,3,4,4,5,3,4,4,4,2,5,3,4,3,3,3,4,3,1
2896,4,2,4,3,4,4,4,4,4,4,2,2,2,2,2,4,4,3,4,4,4,2,2,4,2,5,5,4,4,4,4,2,2,2,2,2
4207,3,2,5,2,2,4,4,5,4,4,2,2,2,2,2,4,4,4,4,4,4,4,5,4,2,5,2,2,4,2,2,4,2,2,4,2
6391,2,4,3,2,2,3,4,4,2,3,3,3,3,3,3,3,3,3,3,4,3,3,2,3,3,5,4,3,3,3,2,5,1,1,3,1
4597,,,,,,,,,,,,,,,,,,,,,,,,,,,,,,,,,,,,
7185,2,4,3,3,1,3,3,2,3,3,4,2,3,3,2,4,4,4,4,5,4,2,2,2,1,2,2,4,5,2,2,4,5,3,4,1
5569,4,4,4,4,2,4,4,4,4,4,2,2,2,2,2,4,4,4,4,4,4,2,2,2,2,4,5,4,4,4,4,2,2,2,2,2
1135,,,,,,,,,,,,,,,,,,,,,,,,,,,,,,,,,,,,
5561,4,4,4,4,5,,,,,,,,,,,,,,,,,,,,,,,,,,,,,,,
3569,4,2,4,4,4,5,4,5,4,4,2,2,1,2,1,4,4,4,2,4,2,4,3,2,2,5,5,4,4,4,5,2,1,1,2,1
3611,2,3,3,2,2,4,4,4,4,4,3,2,2,2,1,3,2,2,4,2,4,2,2,3,3,4,5,4,5,3,4,3,2,1,2,2
8925,4,4,3,2,2,4,4,4,4,4,2,3,2,2,2,4,4,4,4,4,4,2,2,2,2,4,4,4,3,4,3,2,3,2,2,1
6881,,,,,,,,,,,,,,,,,,,,,,,,,,,,,,,,,,,,
0372,,,,,,,,,,,,,,,,,,,,,,,,,,,,,,,,,,,,
2765,,,,,,,,,,,,,,,,,,,,,,,,,,,,,,,,,,,,
4447,3,4,4,2,2,4,4,4,5,4,2,4,2,2,1,4,4,4,4,4,4,4,2,2,2,4,2,4,1,4,4,5,2,1,5,2
3339,4,3,4,3,2,4,4,4,4,3,2,3,3,2,2,4,4,4,4,3,4,2,4,3,2,5,3,4,5,4,3,5,2,2,2,1
4194,4,2,3,3,3,4,4,4,4,4,3,3,2,2,2,4,2,2,3,4,3,2,1,3,3,4,4,3,3,4,3,3,3,3,3,1
5526,3,2,4,4,2,,4,4,,,,,,,,4,,,,4,,,2,,,,,,,,,,,5,,
9879,2,5,3,1,2,5,4,5,4,5,5,4,2,3,2,4,2,4,5,4,4,2,1,1,2,4,5,5,4,5,5,5,2,1,1,1
7122,3,4,3,3,2,4,4,4,3,4,4,3,2,2,2,3,2,2,3,3,4,3,3,4,2,4,2,2,2,3,2,4,2,3,2,2
7081,,,,,,,,,,,,,,,,,,,,,,,,,,,,,,,,,,,,
5549,4,2,4,3,4,4,5,4,5,5,1,2,2,2,2,4,5,5,4,5,4,2,2,2,1,5,4,5,4,5,4,2,2,2,2,2
3867,3,4,2,2,1,5,5,5,5,4,2,1,1,2,2,3,4,1,4,2,4,1,1,3,4,5,5,4,5,5,5,2,2,1,1,2
3341,5,2,5,5,5,4,4,4,4,4,2,2,4,2,2,2,4,4,5,4,4,2,1,2,2,5,4,4,4,5,5,2,2,1,2,2
7743,4,3,4,3,3,4,4,4,3,4,3,2,3,2,2,3,3,3,2,3,3,2,3,4,4,4,4,4,4,4,4,2,3,4,4,2
4921,,,,,,,,,,,,,,,,,,,,,,,,,,,,,,,,,,,,
1020,1,5,3,1,1,3,3,4,4,4,3,2,3,2,2,4,4,4,4,4,4,2,2,2,1,4,4,3,3,3,4,4,3,4,3,1
7212,3,3,3,2,2,2,4,4,4,4,2,2,3,2,2,4,4,3,4,4,4,3,2,3,4,4,2,4,2,2,4,4,2,2,4,
1328,4,2,4,4,4,5,4,4,4,5,1,2,1,1,1,4,4,4,4,4,4,2,2,2,2,5,4,4,4,5,4,2,2,2,1,1
4818,,,,,,,,,,,,,,,,,,,,,,,,,,,,,,,,,,,,
6285,4,4,4,4,4,,3,4,,,4,,,,,3,,,,3,,,4,,,3,4,,,,,,,4,,
2862,3,3,4,4,3,4,4,4,4,4,2,2,2,2,2,4,3,3,3,4,4,3,3,4,3,3,3,3,4,4,4,4,2,4,4,2
8679,2,4,1,1,2,4,4,5,4,4,2,3,2,2,2,2,2,4,3,4,2,2,2,4,4,2,4,4,4,4,3,4,2,2,4,2
3410,3,3,4,4,3,4,4,4,4,4,2,2,2,2,2,4,4,2,4,4,3,4,2,4,2,4,3,2,4,4,4,3,4,4,4,2
3558,4,2,5,5,4,4,5,5,4,5,1,2,2,2,2,5,4,4,3,5,4,2,2,2,2,5,4,4,4,4,4,2,2,2,2,1
8028,5,4,4,4,5,5,5,5,5,4,1,1,1,1,2,5,5,5,4,5,5,1,1,2,1,5,5,5,5,4,4,2,2,2,1,2
4254,3,4,4,4,3,2,4,4,3,3,3,4,3,4,4,4,3,3,4,3,4,4,4,3,3,3,3,4,4,4,4,3,4,3,3,2
2418,,,,,,,,,,,,,,,,,,,,,,,,,,,,,,,,,,,,
8008,,,,,,,,,,,,,,,,,,,,,,,,,,,,,,,,,,,,
4490,,,,,,,,,,,,,,,,,,,,,,,,,,,,,,,,,,,,
7660,4,4,4,3,4,4,3,3,4,4,4,2,1,3,4,4,4,3,3,3,4,3,4,3,3,4,4,4,4,4,3,4,4,4,4,2
5133,3,4,4,3,3,3,4,4,4,3,2,2,2,2,2,3,3,4,3,3,2,1,2,4,2,4,4,2,5,4,3,4,4,2,3,1
8285,4,3,4,2,1,2,4,4,4,4,4,4,5,4,2,4,4,2,2,5,4,4,2,5,4,2,4,2,4,2,2,2,2,4,2,1
7158,2,2,4,5,4,4,3,4,4,4,4,4,4,4,2,3,4,4,2,4,4,4,4,4,2,5,4,4,4,4,4,4,2,4,4,2
4116,4,4,4,4,3,4,4,4,4,4,2,2,2,2,2,4,4,4,4,4,4,2,4,2,2,4,4,4,3,4,4,4,3,2,2,2
8059,,,,,,,,,,,,,,,,,,,,,,,,,,,,,,,,,,,,
4707,,,,,,,,,,,,,,,,,,,,,,,,,,,,,,,,,,,,
1506,4,4,4,2,2,4,5,5,5,4,2,1,2,1,2,1,4,1,4,2,4,4,4,4,4,4,4,4,4,2,1,3,2,2,4,2
8654,3,2,4,4,4,2,3,4,4,4,4,4,3,4,4,2,2,4,3,2,4,2,2,3,4,2,4,4,3,4,4,4,4,4,2,1
0867,3,3,3,3,3,4,3,5,3,3,3,3,3,3,1,3,2,3,2,3,3,3,3,4,4,4,4,5,5,4,3,2,3,4,3,1
4118,2,4,2,3,2,4,4,4,4,5,2,2,3,2,2,4,4,4,4,4,4,2,2,4,4,4,3,4,3,3,4,4,3,2,5,1
4397,4,2,4,4,5,4,4,4,4,4,2,2,2,2,2,4,4,4,4,4,4,2,2,2,2,5,4,4,5,4,4,2,2,2,2,2
0642,4,2,2,2,2,3,4,4,2,4,2,4,2,2,2,4,2,4,4,4,2,2,2,4,2,4,4,4,4,2,4,4,2,1,2,2
8868,5,3,4,4,5,4,4,4,2,5,3,4,2,2,2,4,2,4,2,2,2,2,2,4,2,4,5,4,4,4,4,2,2,4,2,2
4155,3,4,3,4,4,3,4,4,3,3,4,3,4,4,3,3,3,3,2,3,4,2,3,3,4,3,3,3,3,4,3,4,3,3,3,1
7173,4,3,5,4,4,4,4,5,4,4,1,2,2,2,1,4,4,4,4,4,3,4,1,1,2,5,5,5,5,3,5,2,2,2,2,1
1506,,,,,,,,,,,,,,,,,,,,,,,,,,,,,,,,,,,,
5538,2,4,3,2,2,4,4,4,4,4,2,4,2,2,2,3,3,2,2,4,3,2,3,3,2,4,2,4,4,3,3,4,2,2,4,1
9227,4,2,5,4,3,2,4,4,4,3,3,4,4,2,2,4,4,3,3,4,4,3,4,4,2,4,3,4,3,4,3,3,3,3,4,2
8858,4,4,3,2,2,4,5,5,4,4,2,2,2,2,2,4,4,4,4,4,3,2,4,4,4,5,4,4,5,4,5,4,3,5,4,2
4191,,,,,,,,,,,,,,,,,,,,,,,,,,,,,,,,,,,,
9619,,,,,,,,,,,,,,,,,,,,,,,,,,,,,,,,,,,,
7586,3,3,5,5,4,,,,,,,,,,,,,,,,,,,,,,,,,,,,,,,
6165,4,3,5,4,4,,,,,,,,,,,,,,,,,,,,,,,,,,,,,,,
5740,3,4,4,4,2,,,,,,,,,,,,,,,,,,,,,,,,,,,,,,,
6591,3,4,5,3,3,5,5,5,5,5,1,2,2,2,1,4,3,5,3,4,4,4,2,2,3,4,3,5,1,4,3,5,3,4,5,2
7648,4,3,5,3,2,4,4,5,5,4,2,2,2,2,2,4,4,2,4,4,3,2,2,1,2,5,5,4,1,3,3,1,2,2,2,2
7076,,,,,,,,,,,,,,,,,,,,,,,,,,,,,,,,,,,,
9073,5,2,4,4,1,5,5,5,5,5,1,1,1,1,1,4,5,5,2,5,4,2,2,3,2,4,4,4,4,5,2,2,2,5,4,2
5409,4,2,3,4,2,,,,,,,,,,,,,,,,,,,,,,,,,,,,,,,
9494,,,,,,,,,,,,,,,,,,,,,,,,,,,,,,,,,,,,
0800,3,4,3,4,2,5,5,5,5,4,1,1,1,2,1,3,4,4,3,3,2,3,1,2,4,4,4,5,5,5,4,1,1,2,1,2
2899,5,1,5,4,5,5,2,5,4,5,1,1,1,1,1,5,5,4,3,4,4,1,1,1,2,5,5,4,5,5,5,4,2,4,1,2
4139,4,2,4,3,3,4,4,5,4,4,2,2,2,2,2,4,4,4,2,4,2,2,3,3,3,4,4,4,4,3,3,4,2,2,3,2
9137,4,1,5,5,4,5,5,5,5,5,1,1,1,1,1,4,5,5,4,3,4,1,1,1,1,5,5,5,5,4,5,2,1,1,1,2
6335,4,4,4,3,3,4,4,4,4,4,2,4,4,2,2,4,4,4,3,4,4,2,1,3,3,4,4,4,3,4,5,2,3,4,4,1
9825,,,,,,,,,,,,,,,,,,,,,,,,,,,,,,,,,,,,
4863,5,2,3,4,4,5,5,5,4,5,1,1,1,1,1,4,4,5,4,4,4,2,1,1,3,4,5,4,5,4,5,3,2,2,2,2
2555,5,2,5,5,5,5,4,4,4,5,3,2,1,2,1,5,4,4,5,5,4,1,2,2,2,5,5,4,4,5,5,2,1,1,2,2
6881,,,,,,,,,,,,,,,,,,,,,,,,,,,,,,,,,,,,
6260,,,,,,,,,,,,,,,,,,,,,,,,,,,,,,,,,,,,
2507,4,2,3,3,3,4,4,5,4,4,2,1,1,2,1,3,4,4,3,4,4,2,2,1,4,4,4,4,4,4,4,4,2,3,2,2
6000,3,4,2,2,2,5,5,5,5,5,1,2,1,1,1,4,4,4,4,5,4,2,2,4,2,2,4,3,5,2,2,5,4,4,5,2
7523,4,1,4,2,2,5,5,5,5,5,1,1,1,1,1,4,5,5,5,4,4,1,1,1,2,5,5,5,5,5,5,3,1,1,1,1
7367,4,3,4,3,2,3,4,4,4,4,2,2,2,2,2,4,4,-99,4,4,3,2,2,2,2,4,4,4,3,4,2,2,2,3,3,2
7520,2,4,5,3,1,4,5,5,5,5,1,2,1,2,2,4,4,4,3,4,3,2,2,2,2,4,3,4,4,2,2,2,2,2,4,2
3778,4,3,5,5,3,4,4,4,4,4,2,2,2,2,1,3,2,5,3,3,4,2,2,1,4,5,4,5,3,5,4,3,1,1,3,1
8060,4,1,5,5,4,5,4,4,4,2,2,2,2,2,4,4,4,4,2,4,4,2,2,2,2,5,5,4,4,5,4,2,2,3,2,2
4021,,,,,,,,,,,,,,,,,,,,,,,,,,,,,,,,,,,,
2389,4,4,2,2,1,5,4,5,4,4,2,2,2,2,1,4,4,4,2,3,2,2,4,1,2,4,2,4,4,5,2,4,5,2,5,2
2920,,,,,,,,,,,,,,,,,,,,,,,,,,,,,,,,,,,,
5381,,,,,,,,,,,,,,,,,,,,,,,,,,,,,,,,,,,,
1324,3,4,4,4,2,4,4,5,4,4,2,4,2,2,2,4,4,4,1,3,2,4,3,4,2,5,5,4,5,3,4,4,4,2,2,2
8366,2,4,4,3,1,4,4,5,5,5,2,1,1,1,1,4,4,3,3,4,4,2,3,4,2,4,1,4,2,3,2,3,4,5,5,2
3222,4,4,5,4,2,5,4,5,4,4,1,1,2,1,2,4,4,4,2,4,4,2,2,4,2,5,4,4,5,4,4,2,2,2,4,2
1540,4,2,5,5,3,4,5,5,4,4,2,2,2,2,1,4,4,5,4,4,4,2,1,2,2,5,5,4,5,4,4,2,3,3,1,2
2315,3,3,3,2,2,4,4,5,5,4,1,2,1,2,1,2,3,2,2,2,2,4,2,4,3,4,4,4,4,3,3,2,3,4,2,2
9734,4,3,5,4,4,4,3,5,3,5,2,4,4,2,3,4,4,3,3,4,3,4,4,3,3,5,5,3,5,4,4,1,3,2,3,2
2989,4,3,4,3,3,4,4,4,4,4,2,2,2,2,2,3,2,3,3,3,3,4,5,4,3,4,3,3,4,3,4,4,1,2,4,2
0109,3,3,4,4,4,4,4,4,4,5,2,1,2,2,1,5,5,5,4,4,4,2,2,2,3,4,3,4,4,5,3,3,4,4,3,1
2206,4,2,5,3,2,5,5,5,5,5,1,2,1,1,2,5,5,5,5,5,5,1,1,1,2,5,4,4,5,5,4,2,2,2,1,2
5039,1,5,4,1,1,4,3,4,3,3,3,2,4,1,1,3,5,3,3,1,1,3,5,5,5,4,4,5,4,3,4,3,4,4,4,2
5250,3,4,4,3,2,3,2,2,2,2,4,3,4,3,4,4,4,3,4,5,4,3,1,3,2,2,2,3,4,4,2,-99,4,2,4,2
8902,5,2,5,4,4,4,5,5,5,5,1,1,1,1,1,5,5,5,4,4,4,2,4,2,2,5,5,5,4,4,2,2,2,1,2,2
4345,4,3,4,4,1,4,4,4,4,4,2,3,4,2,5,4,4,2,3,4,5,2,3,5,4,4,4,4,5,5,5,4,4,4,3,2
0504,5,2,4,4,5,3,4,4,2,3,3,2,2,4,2,4,4,3,4,2,4,3,4,2,2,3,3,4,4,3,3,2,3,4,3,1
6618,5,2,4,4,5,5,4,5,5,5,1,2,4,2,2,5,4,5,4,4,4,5,1,1,2,5,5,5,5,5,5,1,2,4,1,2
3543,3,4,4,4,4,5,5,5,5,3,1,5,1,1,1,4,5,1,5,4,5,2,2,5,4,5,1,5,4,5,5,5,5,5,3,2
1147,2,4,3,2,2,4,3,3,3,2,3,3,3,2,2,4,4,3,3,4,3,2,2,3,2,5,4,4,5,4,4,5,4,5,4,2
3972,4,2,4,4,4,4,4,4,4,,3,2,,,,4,,4,,4,,2,4,,,4,3,,2,,4,3,2,2,,
5571,4,3,3,3,3,4,4,4,4,4,1,1,1,2,2,3,4,4,4,4,4,2,2,1,3,4,4,4,2,3,4,2,2,3,2,2
9839,1,1,1,1,1,4,1,4,1,1,1,1,1,1,4,4,1,1,1,1,1,1,5,1,1,1,1,1,1,1,1,5,1,1,1,2
1927,3,3,1,1,1,,,,,,,,,,,,,,,,,,,,,,,,,,,,,,,
6737,,,,,,,,,,,,,,,,,,,,,,,,,,,,,,,,,,,,
4906,2,4,3,2,3,4,4,4,4,4,2,2,2,2,2,3,4,3,4,4,4,3,4,4,2,3,4,2,4,4,4,3,4,4,3,2
5718,4,2,4,4,3,4,4,4,4,5,2,2,2,2,2,4,4,4,5,4,4,2,1,2,2,5,2,4,4,4,2,2,1,2,2,1
4994,4,2,4,3,2,4,4,4,4,4,2,2,2,2,2,4,4,4,3,4,4,2,2,2,2,4,4,4,4,4,4,4,2,4,2,2
5171,3,4,4,2,2,5,5,5,5,5,1,1,1,1,1,4,4,2,4,3,4,2,2,3,2,4,5,4,5,4,5,1,2,2,1,2
4163,3,4,5,3,3,4,4,4,5,4,1,1,1,2,2,4,4,4,3,4,3,2,1,4,2,5,5,4,5,5,4,2,1,2,2,2
3297,4,2,5,3,4,4,5,5,5,5,1,1,1,2,1,4,4,3,4,4,3,2,2,1,3,5,5,4,5,4,5,1,2,2,2,2
3022,4,2,5,4,2,4,4,4,4,4,2,2,2,2,2,4,4,4,-99,4,4,2,2,3,1,4,4,4,5,4,4,3,4,4,3,1
2446,,,,,,,,,,,,,,,,,,,,,,,,,,,,,,,,,,,,
3655,,,,,,,,,,,,,,,,,,,,,,,,,,,,,,,,,,,,
4180,3,2,4,4,3,4,4,4,4,4,2,2,2,2,2,4,4,4,3,3,4,2,2,2,2,4,4,4,5,4,4,2,3,2,2,2
3907,2,4,3,1,1,3,-99,2,4,2,2,3,4,4,1,3,3,3,3,3,3,4,1,2,2,3,2,2,2,4,4,2,4,3,2,2
1555,,,,,,,,,,,,,,,,,,,,,,,,,,,,,,,,,,,,
9477,2,4,3,3,2,4,4,4,4,4,2,2,2,2,2,3,3,3,4,3,4,3,2,3,3,4,3,4,4,4,4,2,2,2,3,2
1995,3,2,2,2,2,4,4,4,2,4,2,3,3,4,3,4,4,4,4,4,4,2,3,2,2,3,3,3,4,3,4,3,4,5,3,2
9083,4,3,2,3,2,4,4,4,5,4,2,2,2,2,2,2,4,4,4,4,2,2,1,1,3,5,4,4,2,4,4,2,4,4,5,
4825,,,,,,,,,,,,,,,,,,,,,,,,,,,,,,,,,,,,
6192,4,4,2,2,2,,,,,,,,,,,,,,,,,,,,,,,,,,,,,,,
6957,5,2,2,3,3,4,4,5,5,4,1,2,3,2,1,3,4,4,4,4,4,2,2,2,2,4,4,5,2,4,2,1,4,4,4,1
6487,4,2,4,4,3,4,4,4,4,4,2,2,2,2,2,4,4,4,4,3,3,2,1,5,3,5,5,4,5,5,5,1,2,2,1,2
6285,2,3,3,3,2,3,3,3,3,3,3,3,3,3,3,4,4,3,3,3,2,3,4,3,2,3,1,2,3,3,2,4,2,2,4,2
0804,3,3,4,3,2,4,4,4,4,3,2,3,3,2,2,4,4,2,2,4,4,2,3,4,2,-99,4,4,2,4,5,2,2,2,2,2
8018,4,2,5,4,4,,,,,,,,,,,,,,,,,,,,,,,,,,,,,,,
1352,,,,,,,,,,,,,,,,,,,,,,,,,,,,,,,,,,,,
6061,3,4,4,4,2,,,,,,,,,,,,,,,,,,,,,,,,,,,,,,,
5949,3,3,3,2,2,,,,,,,,,,,,,,,,,,,,,,,,,,,,,,,
9780,4,2,5,4,3,4,5,4,4,4,2,2,2,2,2,4,4,4,4,4,4,2,2,2,2,5,4,4,4,4,3,2,2,2,2,2
9725,3,4,4,3,3,5,5,5,5,5,2,1,1,1,1,5,4,5,4,5,4,5,4,5,4,5,4,5,5,5,5,3,2,2,3,2
5505,2,4,4,3,2,4,4,5,4,4,2,2,2,2,1,2,2,2,2,3,2,2,2,4,4,5,5,4,3,4,4,2,2,2,2,2
9232,4,3,3,4,1,5,4,5,4,4,2,2,2,2,1,3,3,4,4,4,4,3,2,2,4,5,5,4,5,4,5,2,4,5,2,2
9506,4,4,3,3,2,4,4,4,3,3,4,4,3,2,2,3,3,2,4,2,3,3,3,4,3,4,4,4,4,4,5,3,3,3,3,1
5639,3,4,3,2,3,4,4,4,3,4,3,2,2,2,2,3,3,2,3,3,3,4,4,4,3,4,3,3,4,4,3,4,1,1,4,2
9921,4,3,5,5,4,5,5,5,5,4,1,2,1,2,2,4,3,2,3,4,4,4,5,2,4,5,5,5,4,4,2,4,2,2,2,2
7810,3,3,4,3,2,5,5,5,5,5,1,1,1,1,1,4,4,4,3,3,4,2,1,2,3,4,4,5,4,3,4,2,3,2,2,2
2470,3,4,3,3,3,5,4,4,4,4,2,3,3,2,2,4,4,4,4,4,4,2,2,2,2,4,4,4,3,4,4,4,4,3,4,2
1622,4,4,3,3,3,4,3,4,2,3,4,2,2,4,3,2,3,3,4,4,2,2,3,2,3,3,3,3,3,3,2,2,4,3,4,1
9312,3,2,5,4,4,5,4,5,4,5,2,1,1,2,1,4,4,5,4,4,2,2,2,2,2,5,4,4,5,4,4,2,4,4,1,1
3285,4,1,4,4,4,5,4,5,5,5,2,2,1,2,2,5,4,5,4,5,4,3,2,2,2,4,4,5,3,4,2,4,2,2,2,2
2292,3,4,4,3,2,4,4,4,4,4,2,2,3,2,2,4,4,4,4,4,4,2,2,2,2,4,2,2,4,2,4,4,2,2,4,1
4359,4,2,5,5,4,5,5,5,5,5,1,1,1,1,1,5,4,5,3,4,4,1,1,1,3,5,5,5,5,4,5,1,2,2,1,2
1441,3,3,5,2,1,4,3,4,4,4,2,2,2,2,1,2,4,2,4,2,2,4,1,4,4,5,5,2,5,3,5,3,1,1,3,1
3682,5,2,4,4,3,4,4,4,4,4,2,2,2,2,2,4,4,4,3,4,4,1,1,2,1,4,5,2,5,5,4,2,4,3,2,1
7232,4,2,4,3,2,4,4,5,5,4,1,2,2,1,2,4,4,4,4,3,3,2,3,2,3,5,4,5,5,5,4,2,2,3,2,2
8438,4,2,3,4,3,4,4,4,4,4,4,3,2,2,2,4,4,4,3,4,4,2,2,2,2,4,4,4,4,4,4,2,4,2,2,1
9258,2,4,3,3,2,,4,3,,,2,,,,,4,,,,4,,,2,,,5,4,,,,,,,5,,
6607,3,4,4,3,4,4,4,4,2,4,2,2,2,2,2,3,4,4,3,3,4,2,2,4,3,5,4,4,4,5,4,2,2,2,2,2
4348,4,2,5,4,4,3,4,4,5,5,2,2,2,2,2,4,5,5,4,4,4,1,2,1,2,5,4,4,4,4,4,2,4,2,2,1
5666,,,,,,,,,,,,,,,,,,,,,,,,,,,,,,,,,,,,
1955,5,4,5,4,2,5,5,5,5,4,1,2,1,2,1,4,4,5,4,5,2,2,1,2,2,5,4,5,5,4,5,2,2,1,1,2
5328,,,,,,,,,,,,,,,,,,,,,,,,,,,,,,,,,,,,
8184,4,2,4,4,2,5,5,5,5,5,1,1,1,1,1,5,5,5,5,5,4,1,2,1,1,5,5,5,5,5,5,1,1,4,1,2
7731,4,2,5,3,4,4,4,4,4,4,2,2,4,2,4,4,4,3,4,4,3,2,2,2,2,5,4,4,4,3,4,2,2,2,2,1
9756,4,4,4,3,4,4,4,4,4,4,4,2,2,3,2,4,3,3,3,3,4,2,2,2,3,5,5,4,4,3,3,2,2,2,2,2
2703,4,4,4,2,2,4,4,4,4,4,2,2,2,-99,2,4,4,4,2,4,4,3,4,4,3,4,4,4,4,4,4,3,4,2,2,2
2552,3,4,3,2,1,3,4,3,4,4,3,2,2,4,2,4,4,5,5,4,4,2,3,2,2,5,3,4,4,5,3,4,4,5,2,2
8029,4,3,4,4,2,5,3,5,3,5,3,2,3,3,1,5,4,4,2,3,4,3,4,4,4,5,4,4,4,5,4,2,4,5,4,2
4576,5,2,5,4,4,4,4,4,4,4,4,4,2,2,2,4,4,4,4,4,4,2,2,2,2,5,3,2,4,4,4,3,4,3,2,1
6948,3,4,4,3,2,5,5,5,5,5,1,1,1,1,1,5,5,4,3,5,3,4,4,2,1,4,3,5,3,2,2,5,4,5,1,2
